{
  "meta_title": "",
  "meta_description": "",
  "sections": [
    {
      "type": "banner-slider",
      "autoplay": 9000,
      "full_width": false,
      "slides": [
        {
          "start": "",
          "end": "",
          "img": "/img/uploads/20251007_123950.jpg",
          "mobile_img": "/img/uploads/20251007_133835.jpg",
          "link": "/purificadores-de-agua"
        },
        {
          "start": "",
          "end": "",
          "img": "/img/uploads/20251007_130401.jpg",
          "mobile_img": "/img/uploads/20251007_133848.jpg"
        },
        {
          "start": "",
          "end": "",
          "img": "/img/uploads/20251007_125437.jpg",
          "mobile_img": "/img/uploads/20251007_133807.jpg",
          "link": "/filtros"
        }
      ]
    },
    {
      "type": "info-bar",
      "enabled": true
    },
    {
      "type": "brands-carousel",
      "limit": 24,
      "offset": 0
    },
    {
      "type": "dynamic-showcase",
      "load_more": false,
      "sort": "views"
    },
    {
      "type": "collection-shelf",
      "shuffle": true,
      "collection_id": null,
      "sort": "offers",
      "title": "",
      "headless": false,
      "limit": 12,
      "page": 1
    },
    {
      "type": "responsive-banner",
      "img": "/img/uploads/20251007_122512~2.jpg",
      "mobile_img": "/img/uploads/banner-2-celular.jpg"
    },
    {
      "type": "collection-shelf",
      "shuffle": false,
      "limit": 24,
      "page": 1,
      "title": "Em Destaque"
    }
  ]
}